"Density_0","Density_1","Density_2","Density_3","Density_4","Momentum:0","Momentum:1","Momentum:2","Energy","Energy_ve","MassFrac_0","MassFrac_1","MassFrac_2","MassFrac_3","MassFrac_4","Pressure","Temperature_tr","Temperature_ve","Mach","Pressure_Coefficient","Laminar_Viscosity","Skin_Friction_Coefficient:0","Skin_Friction_Coefficient:1","Skin_Friction_Coefficient:2","Heat_Flux","Y_Plus","Points:0","Points:1","Points:2"
1.063252910972e-01,9.630729444325e-03,6.219279603101e-04,2.392327005509e-04,2.640949375927e-02,9.955529822037e-05,-1.649937985349e-05,0.000000000000e+00,5.403147500000e+05,4.250181640625e+03,7.423567771912e-01,6.724116951227e-02,4.342263564467e-03,1.670308294706e-03,1.843894869089e-01,5.400992968750e+04,1.122897338867e+03,8.922390747070e+02,9.521282891001e-07,1.906152367592e+00,4.559276931104e-05,-6.253870310502e-07,-1.910246282932e-05,0.000000000000e+00,1.828025375000e+06,5.879754424095e-01,-4.500000178814e-02,0.000000000000e+00,0.000000000000e+00
5.625713244081e-02,2.011956239585e-04,5.338228220353e-05,4.291883669794e-03,1.920248940587e-02,5.872785186511e-05,5.508858976100e-06,0.000000000000e+00,5.594326250000e+05,7.081314453125e+03,7.031607031822e-01,2.514753956348e-03,6.672277813777e-04,5.364446714520e-02,2.400128543377e-01,5.417341406250e+04,1.849486328125e+03,1.450105712891e+03,7.358471521002e-07,1.911973357201e+00,6.580181070603e-05,1.106185391109e-05,3.378926194273e-04,0.000000000000e+00,2.337134750000e+06,4.023970603943e+00,-4.496860504150e-02,9.590052068233e-04,0.000000000000e+00
5.319546535611e-02,1.160250903922e-04,4.525121039478e-05,7.956461049616e-03,1.934413239360e-02,1.039821313498e-06,5.337129209693e-07,0.000000000000e+00,6.826656875000e+05,7.449983398438e+03,6.595242023468e-01,1.438493956812e-03,5.610303487629e-04,9.864522516727e-02,2.398310452700e-01,5.445207421875e+04,1.779079101562e+03,1.517218139648e+03,1.442057584455e-08,1.921895503998e+00,6.459132418968e-05,4.731876833830e-05,1.445480389521e-03,0.000000000000e+00,3.420828750000e+06,6.292115688324e+00,-4.493654146791e-02,1.938362023793e-03,0.000000000000e+00
1.095217689872e-01,2.833384787664e-03,2.495398803148e-04,3.001334145665e-03,3.400657325983e-02,3.212996446678e-08,-8.068624879343e-09,0.000000000000e+00,7.417584375000e+05,4.054428222656e+03,7.320356965065e-01,1.893814280629e-02,1.667906879447e-03,2.006070502102e-02,2.272975146770e-01,5.274179687500e+04,9.995477905273e+02,8.680133056641e+02,3.076725541007e-10,1.860998630524e+00,4.220028495183e-05,9.739648521645e-05,1.503021805547e-03,0.000000000000e+00,3.018675000000e+06,2.499432563782e+00,-4.490365087986e-02,2.943140920252e-03,0.000000000000e+00
1.011412590742e-01,3.097455715761e-03,2.349755959585e-04,1.775549491867e-03,3.097415529191e-02,1.373856028941e-09,8.145285140815e-11,0.000000000000e+00,6.582005625000e+05,4.476734863281e+03,7.370554804802e-01,2.257235907018e-02,1.712358091027e-03,1.293911598623e-02,2.257206588984e-01,5.429716406250e+04,1.130263549805e+03,9.335996704102e+02,1.316555458403e-11,1.916379690170e+00,4.591738979798e-05,1.559064257890e-04,1.582944532856e-03,0.000000000000e+00,2.688848500000e+06,4.561986923218e+00,-4.480946063995e-02,3.899460425600e-03,0.000000000000e+00
5.397586151958e-02,1.213499708683e-04,4.346778951003e-05,5.132835358381e-03,1.887168176472e-02,5.232518238141e-11,4.742416528924e-12,0.000000000000e+00,5.803130625000e+05,7.653479492188e+03,6.907124519348e-01,1.552878180519e-03,5.562438745983e-04,6.568331271410e-02,2.414950877428e-01,5.324355859375e+04,1.841206176758e+03,1.529535034180e+03,6.680670556689e-13,1.878864526749e+00,6.577526801266e-05,2.654192794580e-04,2.694847295061e-03,0.000000000000e+00,2.940390500000e+06,1.050057029724e+01,-4.470517486334e-02,4.958316683769e-03,0.000000000000e+00
4.019647464156e-02,3.456540071056e-05,2.850240525731e-05,5.335292778909e-03,1.445153076202e-02,1.516020382147e-12,-2.646779280122e-13,0.000000000000e+00,5.219881250000e+05,1.080895019531e+04,6.694239377975e-01,5.756451864727e-04,4.746732593048e-04,8.885288238525e-02,2.406728565693e-01,5.388088671875e+04,2.381533935547e+03,2.096782714844e+03,2.214230352077e-14,1.901557445526e+00,7.988116703928e-05,8.232329273596e-04,6.202832795680e-03,0.000000000000e+00,2.947759000000e+06,1.942681121826e+01,-4.461501911283e-02,5.873678717762e-03,0.000000000000e+00
3.579515963793e-02,2.074916210404e-06,2.777455119940e-05,1.248380634934e-02,1.540942210704e-02,-1.364702014589e-11,3.055697188337e-12,0.000000000000e+00,7.642364375000e+05,7.719050781250e+03,5.617725849152e-01,3.256392665207e-05,4.358964215498e-04,1.959220319986e-01,2.418369203806e-01,5.223570703125e+04,2.005157958984e+03,1.854254638672e+03,1.963551798370e-13,1.842978596687e+00,7.196996011771e-05,6.741059478372e-04,4.082999657840e-03,0.000000000000e+00,3.737073250000e+06,1.057725906372e+01,-4.445527866483e-02,6.841213442385e-03,0.000000000000e+00
7.576406747103e-02,5.510140908882e-04,8.642306784168e-05,7.001005113125e-03,2.598977833986e-02,-3.072260154613e-11,4.354866727646e-12,0.000000000000e+00,7.480441875000e+05,5.011248046875e+03,6.925905942917e-01,5.037046503276e-03,7.900288910605e-04,6.399907171726e-02,2.375832647085e-01,5.203779296875e+04,1.290743041992e+03,1.098800170898e+03,3.374921598697e-13,1.835931539536e+00,5.090360355098e-05,8.193067042157e-04,4.962467588484e-03,0.000000000000e+00,3.253674750000e+06,6.821084022522e+00,-4.427308216691e-02,7.944761775434e-03,0.000000000000e+00
1.192742288113e-01,2.559519140050e-03,3.229474532418e-04,3.649809164926e-03,3.781924024224e-02,-3.481191723775e-11,2.491181956901e-12,0.000000000000e+00,8.165396875000e+05,3.634174316406e+03,7.289453744888e-01,1.564252004027e-02,1.973695820197e-03,2.230583690107e-02,2.311325818300e-01,5.033206640625e+04,8.681583251953e+02,7.966842651367e+02,3.171017322421e-13,1.775196790695e+00,3.831093272311e-05,1.076389802620e-03,5.470878444612e-03,0.000000000000e+00,3.236052500000e+06,3.571583747864e+00,-4.413533583283e-02,8.779064752162e-03,0.000000000000e+00
8.009159564972e-02,8.762116776779e-04,1.058906491380e-04,4.485294222832e-03,2.682889066637e-02,6.258762171724e-12,-1.012647214346e-12,0.000000000000e+00,6.775807500000e+05,4.897967285156e+03,7.126355171204e-01,7.796318270266e-03,9.421892464161e-04,3.990905359387e-02,2.387169450521e-01,5.187764062500e+04,1.276730712891e+03,1.064453491211e+03,6.829505358593e-14,1.830229163170e+00,5.029912426835e-05,1.150121213868e-03,4.932600539178e-03,0.000000000000e+00,3.060001750000e+06,8.901114463806e+00,-4.396628588438e-02,9.504091925919e-03,0.000000000000e+00
6.660039722919e-02,3.460045554675e-04,6.402556027751e-05,5.336565431207e-03,2.297195605934e-02,1.456945328271e-11,-1.810499883695e-12,0.000000000000e+00,6.433108750000e+05,6.006407226562e+03,6.987109780312e-01,3.629966406152e-03,6.716981879435e-04,5.598641186953e-02,2.410009354353e-01,5.030331250000e+04,1.438035888672e+03,1.251991455078e+03,1.740749607177e-13,1.774172902107e+00,5.491663250723e-05,1.350429258309e-03,5.791675299406e-03,0.000000000000e+00,3.096497750000e+06,1.107386398315e+01,-4.378161951900e-02,1.029608212411e-02,0.000000000000e+00
7.138141244650e-02,3.707506402861e-04,7.114814070519e-05,6.760020740330e-03,2.482668496668e-02,-1.847235212016e-11,4.107558043698e-12,0.000000000000e+00,7.217489375000e+05,5.745871093750e+03,6.902756094933e-01,3.585248952731e-03,6.880198488943e-04,6.537104398012e-02,2.400800883770e-01,5.167769921875e+04,1.352224121094e+03,1.192336669922e+03,2.123501705422e-13,1.823109865189e+00,5.264571518637e-05,1.312580308877e-03,5.629349965602e-03,0.000000000000e+00,3.480778500000e+06,1.016809558868e+01,-4.360124096274e-02,1.106968522072e-02,0.000000000000e+00
5.495099723339e-02,1.781226892490e-04,4.651117706089e-05,6.275526247919e-03,1.946903206408e-02,-1.774289916379e-12,-2.351435289972e-13,0.000000000000e+00,6.185632500000e+05,6.690758789062e+03,6.790764927864e-01,2.201214432716e-03,5.747783579864e-04,7.755204290152e-02,2.405954748392e-01,4.949155859375e+04,1.638168823242e+03,1.425542358398e+03,2.317143161102e-14,1.745269298553e+00,6.057474456611e-05,2.491305349395e-03,9.212642908096e-03,0.000000000000e+00,3.215916000000e+06,1.480427265167e+01,-4.346666112542e-02,1.164685748518e-02,0.000000000000e+00
5.000178888440e-02,1.096732376027e-04,3.882774763042e-05,6.494687404484e-03,1.797785609961e-02,1.347863209933e-10,-1.846080621704e-09,0.000000000000e+00,6.036443750000e+05,7.243385742188e+03,6.700602173805e-01,1.469700713642e-03,5.203199107200e-04,8.703351020813e-02,2.409162819386e-01,4.985534765625e+04,1.775612670898e+03,1.542169555664e+03,2.483924871344e-11,1.758222460747e+00,6.435217073886e-05,2.548590069637e-03,8.401576429605e-03,0.000000000000e+00,3.109018000000e+06,1.757080650330e+01,-4.326855018735e-02,1.229995116591e-02,0.000000000000e+00
4.286320507526e-02,5.481420157594e-05,2.922788917203e-05,5.835847463459e-03,1.547413039953e-02,1.570886922764e-07,-2.044001234935e-07,0.000000000000e+00,5.410788750000e+05,8.150926269531e+03,6.670565605164e-01,8.530433988199e-04,4.548576253001e-04,9.082009643316e-02,2.408154159784e-01,4.860642578125e+04,2.004392700195e+03,1.756014038086e+03,3.774236034815e-09,1.713752746582e+00,7.036862371024e-05,2.871697535738e-03,9.466718882322e-03,0.000000000000e+00,2.652896250000e+06,2.192744255066e+01,-4.301986843348e-02,1.311973854899e-02,0.000000000000e+00
5.505674332380e-02,1.407895615557e-04,4.691323920269e-05,9.333391673863e-03,2.048840187490e-02,3.097661465290e-05,-9.637934454076e-06,0.000000000000e+00,7.344669375000e+05,6.013494140625e+03,6.472219824791e-01,1.655058003962e-03,5.514906952158e-04,1.097191050649e-01,2.408523261547e-01,4.951755859375e+04,1.519959228516e+03,1.354036621094e+03,4.082324096544e-07,1.746194958687e+00,5.776088801213e-05,3.018981078640e-03,9.952246211469e-03,0.000000000000e+00,3.979999000000e+06,1.237164783478e+01,-4.277633503079e-02,1.392256282270e-02,0.000000000000e+00
8.254808932543e-02,8.386671543121e-04,1.196750381496e-04,7.123185321689e-03,2.795864641666e-02,2.327542460989e-05,-4.190354047751e-06,0.000000000000e+00,7.667167500000e+05,3.591999755859e+03,6.960898637772e-01,7.072092499584e-03,1.009164261632e-03,6.006652861834e-02,2.357623428106e-01,4.488590234375e+04,1.031638793945e+03,9.236445312500e+02,2.661497262579e-07,1.581278204918e+00,4.343041291577e-05,2.989123808220e-03,8.753570728004e-03,0.000000000000e+00,3.103967750000e+06,6.180190563202e+00,-4.261185601354e-02,1.446477603167e-02,0.000000000000e+00
5.814066901803e-02,1.875712187029e-04,4.994373739464e-05,8.402461186051e-03,2.107108570635e-02,5.574507895290e-07,-7.279383140713e-08,0.000000000000e+00,7.096314375000e+05,5.718197265625e+03,6.618044972420e-01,2.135088434443e-03,5.685003125109e-04,9.564366191626e-02,2.398482859135e-01,4.797491406250e+04,1.442562622070e+03,1.295586669922e+03,7.082641140244e-09,1.691267013550e+00,5.546325337491e-05,3.303796052933e-03,8.779434487224e-03,0.000000000000e+00,3.660449500000e+06,1.217769813538e+01,-4.238941892982e-02,1.505563687533e-02,0.000000000000e+00
4.777460172772e-02,1.071438673534e-04,3.489221489872e-05,6.020494736731e-03,1.705101691186e-02,1.063465315809e-08,-3.396427583624e-11,0.000000000000e+00,5.651788750000e+05,6.552449707031e+03,6.729940176010e-01,1.509320456535e-03,4.915216704831e-04,8.480985462666e-02,2.401952594519e-01,4.605373437500e+04,1.727971191406e+03,1.504551635742e+03,1.522818399158e-10,1.622860550880e+00,6.305316492217e-05,3.373615443707e-03,8.965695276856e-03,0.000000000000e+00,2.578669000000e+06,1.978349494934e+01,-4.209675267339e-02,1.583359949291e-02,0.000000000000e+00
6.040931120515e-02,2.750965359155e-04,5.510629853234e-05,7.060688920319e-03,2.126890234649e-02,7.035862170657e-11,4.380600396314e-11,0.000000000000e+00,6.660745625000e+05,5.186479980469e+03,6.782296895981e-01,3.088574158028e-03,6.186914979480e-04,7.927203178406e-02,2.387910187244e-01,4.699207031250e+04,1.412846679688e+03,1.224370239258e+03,1.049584356060e-12,1.656271338463e+00,5.445876013255e-05,3.292459994555e-03,8.746421895921e-03,0.000000000000e+00,2.861304000000e+06,1.365962314606e+01,-4.179723188281e-02,1.662942208350e-02,0.000000000000e+00
9.654738754034e-02,1.474811346270e-03,1.870711566880e-04,4.663022235036e-03,3.104018233716e-02,3.577111913969e-12,-1.740146438403e-12,0.000000000000e+00,7.323123125000e+05,3.533805175781e+03,7.209737896919e-01,1.101324800402e-02,1.396965933964e-03,3.482141718268e-02,2.317945510149e-01,4.440291796875e+04,9.252661743164e+02,8.636463012695e+02,4.247900723666e-14,1.564080953598e+00,4.008448740933e-05,4.231905099005e-03,1.016522105783e-02,0.000000000000e+00,3.438967500000e+06,6.369376659393e+00,-4.157457873225e-02,1.722075417638e-02,0.000000000000e+00
5.301365628839e-02,1.544984115753e-04,3.968770397478e-05,5.961341783404e-03,1.865541934967e-02,2.472036464418e-12,-9.667271323732e-13,0.000000000000e+00,5.841001250000e+05,5.773138671875e+03,6.811940670013e-01,1.985213020816e-03,5.099634290673e-04,7.659970223904e-02,2.397110760212e-01,4.433188281250e+04,1.527676269531e+03,1.357819824219e+03,3.703031872565e-14,1.561551570892e+00,5.757352482760e-05,4.428401123732e-03,9.773083962500e-03,0.000000000000e+00,2.924159500000e+06,1.715225791931e+01,-4.128426313400e-02,1.786160282791e-02,0.000000000000e+00
4.347291961312e-02,6.850015051896e-05,2.875453901652e-05,6.111920811236e-03,1.571834646165e-02,2.405261103136e-12,-9.496250357247e-13,0.000000000000e+00,5.443350625000e+05,6.675099121094e+03,6.647190451622e-01,1.047395868227e-03,4.396688600536e-04,9.345380961895e-02,2.403400540352e-01,4.456516015625e+04,1.802423339844e+03,1.584634643555e+03,3.918365604856e-14,1.569857716560e+00,6.513889093185e-05,5.088309291750e-03,1.122995372862e-02,0.000000000000e+00,2.618108000000e+06,2.312515258789e+01,-4.093334823847e-02,1.863589696586e-02,0.000000000000e+00
5.629449710250e-02,1.851702836575e-04,4.592241748469e-05,7.907126098871e-03,2.025848254561e-02,2.969510921880e-12,-1.069459733445e-12,0.000000000000e+00,6.711082500000e+05,5.042795898438e+03,6.647030115128e-01,2.186417113990e-03,5.422336398624e-04,9.336420148611e-02,2.392041087151e-01,4.360638281250e+04,1.363094726562e+03,1.245219482422e+03,4.249076066584e-14,1.535719037056e+00,5.322339711711e-05,5.405671894550e-03,1.193139702082e-02,0.000000000000e+00,3.372918000000e+06,1.332690620422e+01,-4.060704261065e-02,1.935623772442e-02,0.000000000000e+00
9.361501038074e-02,9.474941180088e-04,1.866480160970e-04,6.127617321908e-03,3.093576245010e-02,3.234109161032e-12,-9.742607111687e-13,0.000000000000e+00,7.720141250000e+05,3.148183105469e+03,7.102132439613e-01,7.188194897026e-03,1.416011247784e-03,4.648736491799e-02,2.346951663494e-01,4.120012109375e+04,8.619812622070e+02,8.303930664062e+02,3.768780941623e-14,1.450040698051e+00,3.823858423857e-05,5.348304286599e-03,1.090631168336e-02,0.000000000000e+00,3.262145250000e+06,5.337855339050e+00,-4.035927355289e-02,1.990299113095e-02,0.000000000000e+00
6.108557060361e-02,3.314917848911e-04,5.791032162961e-05,7.183887530118e-03,2.148134820163e-02,3.523799741584e-12,-1.608892056040e-12,0.000000000000e+00,6.621571875000e+05,4.254690917969e+03,6.776728630066e-01,3.677512984723e-03,6.424471503124e-04,7.969681173563e-02,2.383103817701e-01,4.189589843750e+04,1.244670288086e+03,1.120875488281e+03,5.164396810046e-14,1.474814772606e+00,4.975300180377e-05,5.440164823085e-03,1.017784141004e-02,0.000000000000e+00,3.118259000000e+06,1.321157169342e+01,-4.011272639036e-02,2.036424726248e-02,0.000000000000e+00
4.132806509733e-02,5.867879008292e-05,2.571569348220e-05,6.135196425021e-03,1.505015697330e-02,3.144552110021e-12,-1.594723159949e-12,0.000000000000e+00,5.281278750000e+05,6.124107910156e+03,6.602157950401e-01,9.373936336488e-04,4.108081921004e-04,9.800975769758e-02,2.404262423515e-01,4.164392578125e+04,1.753301635742e+03,1.558064819336e+03,5.646542532590e-14,1.465842962265e+00,6.390213820850e-05,6.311727687716e-03,1.180840004236e-02,0.000000000000e+00,2.391408500000e+06,2.428959465027e+01,-3.977325931191e-02,2.099935151637e-02,0.000000000000e+00
4.512379318476e-02,7.948259008117e-05,2.897351077991e-05,6.564765702933e-03,1.636192575097e-02,2.849021799728e-12,-1.426677569485e-12,0.000000000000e+00,5.611585625000e+05,5.675963378906e+03,6.620377898216e-01,1.166136004031e-03,4.250874626450e-04,9.631554782391e-02,2.400554567575e-01,4.101715625000e+04,1.588501220703e+03,1.445575927734e+03,4.928370740480e-14,1.443526029587e+00,5.945883822278e-05,6.164285354316e-03,1.153257396072e-02,0.000000000000e+00,3.019443750000e+06,1.936491203308e+01,-3.940625116229e-02,2.168596535921e-02,0.000000000000e+00
4.742966592312e-02,1.216382734128e-04,3.286618084530e-05,6.830248050392e-03,1.713651604950e-02,4.118472056447e-12,-2.267098401371e-12,0.000000000000e+00,5.762841875000e+05,4.904943359375e+03,6.628797650337e-01,1.700023422018e-03,4.593396442942e-04,9.545993804932e-02,2.395009398460e-01,3.852902734375e+04,1.422898681641e+03,1.325104125977e+03,7.323709780988e-14,1.354932546616e+00,5.490988041856e-05,7.559830788523e-03,1.215768232942e-02,0.000000000000e+00,3.024841750000e+06,1.741697883606e+01,-3.877482935786e-02,2.281576953828e-02,0.000000000000e+00
5.983871594071e-02,3.074911946896e-04,5.581406730926e-05,7.471487391740e-03,2.114717848599e-02,3.690316715405e-12,-1.623302078695e-12,0.000000000000e+00,6.653481875000e+05,4.348318847656e+03,6.737024784088e-01,3.461932297796e-03,6.283904076554e-04,8.411877602339e-02,2.380884438753e-01,4.130763671875e+04,1.241199707031e+03,1.140507568359e+03,5.450773906128e-14,1.453868865967e+00,4.969274232280e-05,6.122841499746e-03,1.145505625755e-02,0.000000000000e+00,3.238917750000e+06,1.345835113525e+01,-3.913833945990e-02,2.218720316887e-02,0.000000000000e+00
4.760450124741e-02,9.512004180579e-05,3.168600960635e-05,7.070889696479e-03,1.728822477162e-02,3.692126031990e-12,-1.871649319904e-12,0.000000000000e+00,5.896862500000e+05,5.283640136719e+03,6.603443026543e-01,1.319454633631e-03,4.395314899739e-04,9.808362275362e-02,2.398130595684e-01,3.988573046875e+04,1.458654052734e+03,1.366765991211e+03,6.312357862977e-14,1.403239846230e+00,5.592804882326e-05,9.537795558572e-03,1.649251021445e-02,0.000000000000e+00,3.529900500000e+06,1.879185867310e+01,-3.897114470601e-02,2.250000089407e-02,0.000000000000e+00
4.172521457076e-02,6.984535139054e-05,2.556854633440e-05,6.247659213841e-03,1.517698913813e-02,3.689732547274e-12,-2.075077523006e-12,0.000000000000e+00,5.277802500000e+05,5.542139648438e+03,6.597364544868e-01,1.104356837459e-03,4.042759828735e-04,9.878459572792e-02,2.399703115225e-01,3.892733593750e+04,1.621626220703e+03,1.481456665039e+03,6.975766264541e-14,1.369114875793e+00,6.038368883310e-05,7.309200707823e-03,1.175583899021e-02,0.000000000000e+00,2.555328500000e+06,2.167525672913e+01,-3.854227811098e-02,2.318969555199e-02,0.000000000000e+00
3.753033280373e-02,4.692843867815e-05,2.138923991879e-05,5.940653849393e-03,1.376413833350e-02,3.427539935902e-12,-1.984091276691e-12,0.000000000000e+00,4.940912500000e+05,5.762625000000e+03,6.549402475357e-01,8.189462241717e-04,3.732627374120e-04,1.036701053381e-01,2.401974052191e-01,3.813669531250e+04,1.746465820312e+03,1.583673095703e+03,6.923475871388e-14,1.340963006020e+00,6.379321712302e-05,7.872069254518e-03,1.265930850059e-02,0.000000000000e+00,2.462823250000e+06,2.484854507446e+01,-3.822441771626e-02,2.370103448629e-02,0.000000000000e+00
4.147781059146e-02,6.591679266421e-05,2.528533696022e-05,6.764580961317e-03,1.526090502739e-02,4.336961345608e-12,-2.438225619669e-12,0.000000000000e+00,5.442435000000e+05,5.327578125000e+03,6.522232294083e-01,1.036517205648e-03,3.976025618613e-04,1.063705310225e-01,2.399720996618e-01,3.811356640625e+04,1.569683593750e+03,1.458013183594e+03,8.256914439285e-14,1.340139508247e+00,5.906748992857e-05,8.006895892322e-03,1.287404820323e-02,0.000000000000e+00,2.829905500000e+06,1.990603637695e+01,-3.786782920361e-02,2.427430078387e-02,0.000000000000e+00
5.250090733171e-02,1.875698653748e-04,4.279946369934e-05,7.818426005542e-03,1.899619959295e-02,5.332302741717e-12,-2.840424293341e-12,0.000000000000e+00,6.346163125000e+05,4.150675781250e+03,6.600077152252e-01,2.358007943258e-03,5.380473448895e-04,9.828823059797e-02,2.388080060482e-01,3.719978515625e+04,1.233582275391e+03,1.179966186523e+03,9.082455788975e-14,1.307603001595e+00,4.960570004187e-05,7.755344733596e-03,1.247114967555e-02,0.000000000000e+00,3.129339000000e+06,1.284519767761e+01,-3.760081902146e-02,2.470369637012e-02,0.000000000000e+00
4.826467856765e-02,1.210649352288e-04,3.356879824423e-05,7.208577357233e-03,1.751794479787e-02,5.373705386919e-12,-3.523260676264e-12,0.000000000000e+00,5.848411875000e+05,4.006609863281e+03,6.598417758942e-01,1.655117259361e-03,4.589297459461e-04,9.855075180531e-02,2.394934147596e-01,3.407282421875e+04,1.227915161133e+03,1.205061279297e+03,1.052482279389e-13,1.196263194084e+00,4.944602187607e-05,8.247840218246e-03,1.151115261018e-02,0.000000000000e+00,2.647229250000e+06,1.397423648834e+01,-3.714124485850e-02,2.538424171507e-02,0.000000000000e+00
6.061185523868e-02,3.653292660601e-04,6.306960131042e-05,7.553410250694e-03,2.134607918561e-02,5.096830509727e-12,-2.581735606549e-12,0.000000000000e+00,6.614556250000e+05,3.544301025391e+03,6.739162802696e-01,4.061933606863e-03,7.012428250164e-04,8.398301154375e-02,2.373375594616e-01,3.690706640625e+04,1.095850830078e+03,1.041584716797e+03,8.121853341779e-14,1.297180294991e+00,4.549618461169e-05,9.299701079726e-03,1.377107109874e-02,0.000000000000e+00,3.096429750000e+06,1.103212070465e+01,-3.741613402963e-02,2.500065974891e-02,0.000000000000e+00
4.989179596305e-02,1.849026884884e-04,3.795964585152e-05,6.718712858856e-03,1.780924014747e-02,4.916368527563e-12,-3.377214523662e-12,0.000000000000e+00,5.749235625000e+05,3.949572753906e+03,6.684090495110e-01,2.477173227817e-03,5.085519514978e-04,9.001176059246e-02,2.385934889317e-01,3.492035156250e+04,1.242281738281e+03,1.182134155273e+03,9.561683991235e-14,1.226440548897e+00,4.977578282706e-05,6.830767728388e-03,9.532320313156e-03,0.000000000000e+00,2.248467500000e+06,1.430677604675e+01,-3.676146268845e-02,2.591435611248e-02,0.000000000000e+00
3.816900402308e-02,5.369374048314e-05,2.137164847227e-05,6.295652594417e-03,1.407025661319e-02,4.103024777574e-12,-2.737268311320e-12,0.000000000000e+00,5.036628437500e+05,5.123708496094e+03,6.512373089790e-01,9.161194320768e-04,3.646418044809e-04,1.074160560966e-01,2.400658875704e-01,3.501252734375e+04,1.563225463867e+03,1.487577270508e+03,8.895010108253e-14,1.229722619057e+00,5.890394095331e-05,1.045269984752e-02,1.458648126572e-02,0.000000000000e+00,2.600443500000e+06,2.337743377686e+01,-3.632661327720e-02,2.652105502784e-02,0.000000000000e+00
4.422345757484e-02,1.003824654617e-04,2.867002331186e-05,7.193617522717e-03,1.623523421586e-02,5.216433621863e-12,-3.497959951207e-12,0.000000000000e+00,5.638689375000e+05,4.197988769531e+03,6.524427533150e-01,1.480974489823e-03,4.229779879097e-04,1.061297357082e-01,2.395235747099e-01,3.378067187500e+04,1.305943481445e+03,1.275262084961e+03,1.072474425348e-13,1.185860514641e+00,5.174079706194e-05,1.025960594416e-02,1.431770343333e-02,0.000000000000e+00,2.986511000000e+06,1.729428291321e+01,-3.597508370876e-02,2.701172791421e-02,0.000000000000e+00
7.605503499508e-02,4.656879464164e-04,1.481234940002e-04,7.206466048956e-03,2.604694850743e-02,6.891426665434e-12,-4.409017855672e-12,0.000000000000e+00,7.126905000000e+05,2.526102050781e+03,6.918984055519e-01,4.236521199346e-03,1.347529585473e-03,6.555966287851e-02,2.369579076767e-01,3.225124414062e+04,7.953626098633e+02,8.212219238281e+02,1.127443678781e-13,1.131403088570e+00,3.628153717727e-05,1.013309694827e-02,1.322291977704e-02,0.000000000000e+00,3.205898250000e+06,6.873557567596e+00,-3.570089861751e-02,2.739426493645e-02,0.000000000000e+00
4.086489230394e-02,9.299061639467e-05,2.447849874443e-05,6.099496968091e-03,1.483128033578e-02,4.832331583493e-12,-3.735279446859e-12,0.000000000000e+00,5.015635625000e+05,4.201029296875e+03,6.600358486176e-01,1.501952880062e-03,3.953684063163e-04,9.851700812578e-02,2.395498007536e-01,3.169161523438e+04,1.349275146484e+03,1.321470092773e+03,1.127464820724e-13,1.111476778984e+00,5.288698230288e-05,1.157414168119e-02,1.410281192511e-02,0.000000000000e+00,2.364675750000e+06,2.112717628479e+01,-3.541363775730e-02,2.774437330663e-02,0.000000000000e+00
4.035319015384e-02,8.696908480488e-05,2.420208511467e-05,6.442820653319e-03,1.477938145399e-02,4.950703475642e-12,-3.855948112891e-12,0.000000000000e+00,5.107235312500e+05,4.015620605469e+03,6.541649699211e-01,1.409854623489e-03,3.923396870960e-04,1.044444739819e-01,2.395883500576e-01,3.111118945312e+04,1.323250000000e+03,1.301993041992e+03,1.170605767268e-13,1.090809822083e+00,5.221370520303e-05,1.016573328525e-02,1.238658744842e-02,0.000000000000e+00,2.590099250000e+06,1.812832069397e+01,-3.500869125128e-02,2.823770232499e-02,0.000000000000e+00
4.236241802573e-02,9.687907004263e-05,2.656005563040e-05,7.018222007900e-03,1.558621786535e-02,5.702249002842e-12,-4.398560508878e-12,0.000000000000e+00,5.419361250000e+05,3.757948730469e+03,6.508253812790e-01,1.488379552029e-03,4.080493818037e-04,1.078228577971e-01,2.394553124905e-01,3.102322070312e+04,1.247334106445e+03,1.238337646484e+03,1.309266958087e-13,1.087677598000e+00,5.008662628825e-05,9.711370803416e-03,1.183257903904e-02,0.000000000000e+00,2.636403750000e+06,1.590016841888e+01,-3.455429896712e-02,2.879144810140e-02,0.000000000000e+00
6.733494997025e-02,3.480785526335e-04,1.057490662788e-04,7.021259982139e-03,2.330919355154e-02,7.446514758980e-12,-5.703577801025e-12,0.000000000000e+00,6.602966875000e+05,2.480880371094e+03,6.862564086914e-01,3.547505941242e-03,1.077760825865e-03,7.155844569206e-02,2.375598847866e-01,3.050973437500e+04,8.385024414062e+02,8.588220825195e+02,1.405770709258e-13,1.069394230843e+00,3.766061854549e-05,7.418703753501e-03,9.039270691574e-03,0.000000000000e+00,2.555977750000e+06,6.826453685760e+00,-3.416713327169e-02,2.926307916641e-02,0.000000000000e+00
4.589598998427e-02,1.746183261275e-04,3.178556289640e-05,5.813176278025e-03,1.626036316156e-02,5.776327333118e-12,-4.759380823477e-12,0.000000000000e+00,5.095767187500e+05,3.373764160156e+03,6.731992959976e-01,2.561289817095e-03,4.662285209633e-04,8.526728302240e-02,2.385058999062e-01,2.967271875000e+04,1.160130371094e+03,1.146681640625e+03,1.362576365757e-13,1.039590954781e+00,4.737392009702e-05,1.175243314356e-02,1.346190366894e-02,0.000000000000e+00,2.181699500000e+06,1.635160255432e+01,-3.383279219270e-02,2.967056259513e-02,0.000000000000e+00
3.540257364511e-02,5.782411608379e-05,1.828138738347e-05,5.742054432631e-03,1.301478128880e-02,4.420616650513e-12,-3.903804363103e-12,0.000000000000e+00,4.539807187500e+05,3.713536621094e+03,6.527562737465e-01,1.066167023964e-03,3.370741032995e-04,1.058725863695e-01,2.399678826332e-01,2.830424414062e+04,1.367379272461e+03,1.332322631836e+03,1.229903359061e-13,9.908645153046e-01,5.347114347387e-05,1.218661572784e-02,1.301277428865e-02,0.000000000000e+00,2.339902500000e+06,2.178105354309e+01,-3.351642191410e-02,3.000844269991e-02,0.000000000000e+00
3.161872550845e-02,4.254743907950e-05,1.489542046329e-05,5.211558658630e-03,1.165011152625e-02,3.872244105224e-12,-3.502139767422e-12,0.000000000000e+00,4.151945625000e+05,4.057749023438e+03,6.514242887497e-01,8.765829261392e-04,3.068826335948e-04,1.073710471392e-01,2.400212138891e-01,2.819031640625e+04,1.519892211914e+03,1.457598266602e+03,1.153097935061e-13,9.868080019951e-01,5.771713767899e-05,1.162565872073e-02,1.241038646549e-02,0.000000000000e+00,1.852390625000e+06,2.713455772400e+01,-3.303942084312e-02,3.051771409810e-02,0.000000000000e+00
3.764731064439e-02,7.301494770218e-05,2.117205258401e-05,6.516058929265e-03,1.395022403449e-02,5.040316688326e-12,-4.460792846217e-12,0.000000000000e+00,4.933136875000e+05,3.536719238281e+03,6.467745304108e-01,1.254384638742e-03,3.637323679868e-04,1.119448095560e-01,2.396625280380e-01,2.794480078125e+04,1.252220336914e+03,1.268780273438e+03,1.362839691359e-13,9.780660271645e-01,5.026484723203e-05,1.160759106278e-02,1.239488832653e-02,0.000000000000e+00,2.407791750000e+06,1.806060791016e+01,-3.211097046733e-02,3.150894492865e-02,0.000000000000e+00
4.063896462321e-02,1.196569210151e-04,2.749600207608e-05,6.589343771338e-03,1.488837320358e-02,6.228807400421e-12,-4.979348530720e-12,0.000000000000e+00,5.097386562500e+05,3.139019287109e+03,6.526896953583e-01,1.921772491187e-03,4.416047304403e-04,1.058293953538e-01,2.391175180674e-01,2.778495117188e+04,1.169940063477e+03,1.167405273438e+03,1.566663330099e-13,9.723743200302e-01,4.783752956428e-05,9.647235274315e-03,1.029954198748e-02,0.000000000000e+00,2.453975000000e+06,1.528605270386e+01,-3.251182660460e-02,3.108084574342e-02,0.000000000000e+00
5.613155290484e-02,2.284902002430e-04,8.323925430886e-05,7.016224786639e-03,1.984453201294e-02,7.144490294514e-12,-5.789513399940e-12,0.000000000000e+00,5.957372500000e+05,2.124201660156e+03,6.738154888153e-01,2.742846729234e-03,9.992222767323e-04,8.422430604696e-02,2.382181286812e-01,2.554293750000e+04,8.181597290039e+02,8.659143066406e+02,1.632553142152e-13,8.925442695618e-01,3.709829252330e-05,1.151594612747e-02,1.155628915876e-02,0.000000000000e+00,2.571907000000e+06,8.331923484802e+00,-3.181980550289e-02,3.181980550289e-02,0.000000000000e+00
3.652832657099e-02,7.846459629945e-05,2.019086969085e-05,5.899028386921e-03,1.339565962553e-02,4.554254976613e-12,-4.524196989264e-12,0.000000000000e+00,4.603122812500e+05,3.310057373047e+03,6.532052159309e-01,1.403116155416e-03,3.610562707763e-04,1.054873466492e-01,2.395432740450e-01,2.609681640625e+04,1.223435791016e+03,1.250213745117e+03,1.373129989704e-13,9.122658967972e-01,4.937928315485e-05,1.274968031794e-02,1.194129046053e-02,0.000000000000e+00,2.159273000000e+06,1.903195190430e+01,-3.154093027115e-02,3.208098188043e-02,0.000000000000e+00
2.919708937407e-02,4.163969060755e-05,1.299332143390e-05,4.929641261697e-03,1.079215575010e-02,3.444713264633e-12,-3.475012812226e-12,0.000000000000e+00,3.850736562500e+05,3.571115234375e+03,6.492062211037e-01,9.258712525479e-04,2.889104653150e-04,1.096120774746e-01,2.399668991566e-01,2.476186914062e+04,1.438400756836e+03,1.425948974609e+03,1.197608906576e-13,8.647331595421e-01,5.549232082558e-05,1.233543176204e-02,1.155452523381e-02,0.000000000000e+00,1.790518375000e+06,2.513745880127e+01,-3.118050470948e-02,3.241857141256e-02,0.000000000000e+00
2.767830155790e-02,3.063290932914e-05,1.176281784865e-05,5.109156481922e-03,1.037666574121e-02,3.334235448502e-12,-3.367886265010e-12,0.000000000000e+00,3.854103750000e+05,3.746713378906e+03,6.406047344208e-01,7.089881692082e-04,2.722463686951e-04,1.182496622205e-01,2.401643395424e-01,2.515521875000e+04,1.510685913086e+03,1.491967407227e+03,1.173144697705e-13,8.787389397621e-01,5.758885890828e-05,1.277682557702e-02,1.196675095707e-02,0.000000000000e+00,1.837212750000e+06,2.651808929443e+01,-3.069919720292e-02,3.286942839622e-02,0.000000000000e+00
3.080241009593e-02,4.766423444380e-05,1.474595137552e-05,5.713210441172e-03,1.154368463904e-02,3.830023537904e-12,-3.755149403234e-12,0.000000000000e+00,4.212969687500e+05,3.236858398438e+03,6.400938034058e-01,9.904932230711e-04,3.064302727580e-04,1.187241598964e-01,2.398851513863e-01,2.421522460938e+04,1.305469360352e+03,1.331399169922e+03,1.282285231772e-13,8.452691435814e-01,5.184932888369e-05,1.282952073961e-02,1.201451383531e-02,0.000000000000e+00,2.114921500000e+06,1.959549140930e+01,-3.024612739682e-02,3.329370543361e-02,0.000000000000e+00
4.129562526941e-02,1.136738283094e-04,3.350519909873e-05,7.278007455170e-03,1.531292870641e-02,4.916008138761e-12,-4.686408813098e-12,0.000000000000e+00,5.318997500000e+05,2.571406005859e+03,6.449041366577e-01,1.775217708200e-03,5.232429248281e-04,1.136589497328e-01,2.391384392977e-01,2.442949414062e+04,9.941409301758e+02,1.064446289062e+03,1.402152591083e-13,8.528984785080e-01,4.269535202184e-05,1.321129500866e-02,1.237391680479e-02,0.000000000000e+00,2.679108500000e+06,1.245620822906e+01,-2.991615049541e-02,3.360273316503e-02,0.000000000000e+00
3.489878028631e-02,7.245169399539e-05,1.889810118882e-05,5.903356242925e-03,1.288243941963e-02,2.431645163004e-12,-2.770650028849e-12,0.000000000000e+00,4.446092187500e+05,2.712431152344e+03,6.489666104317e-01,1.347288605757e-03,3.514230775181e-04,1.097769364715e-01,2.395577430725e-01,2.249881445312e+04,1.093181152344e+03,1.170200073242e+03,8.656483597427e-14,7.841538786888e-01,4.562204412650e-05,1.482273917645e-02,1.216549333185e-02,0.000000000000e+00,2.118975750000e+06,1.899679374695e+01,-2.933149412274e-02,3.411102294922e-02,0.000000000000e+00
3.885131329298e-02,9.812604548642e-05,2.890994437621e-05,6.336272694170e-03,1.425635628402e-02,2.156673711146e-12,-2.522631409319e-12,0.000000000000e+00,4.785012812500e+05,2.382966308594e+03,6.521852612495e-01,1.647212309763e-03,4.853025020566e-04,1.063650995493e-01,2.393171340227e-01,2.169826562500e+04,9.544165039062e+02,1.059263671875e+03,7.542722007961e-14,7.556492090225e-01,4.144048580201e-05,1.204742398113e-02,9.887057356536e-03,0.000000000000e+00,2.598315250000e+06,1.216119480133e+01,-2.878655865788e-02,3.455832228065e-02,0.000000000000e+00
5.895506218076e-02,2.174221444875e-04,1.041275754687e-04,7.214154116809e-03,2.080103009939e-02,5.132763571808e-12,-4.501823826913e-12,0.000000000000e+00,6.084591875000e+05,1.731968750000e+03,6.753792166710e-01,2.490751212463e-03,1.192867755890e-03,8.264411985874e-02,2.382930666208e-01,2.143317187500e+04,6.559404296875e+02,7.702904663086e+02,1.292795758683e-13,7.462101578712e-01,3.187106631231e-05,1.178911700845e-02,1.024925801903e-02,0.000000000000e+00,2.329909000000e+06,5.537866592407e+00,-2.967056259513e-02,3.383279219270e-02,0.000000000000e+00
2.999470755458e-02,5.709696051781e-05,1.362403418170e-05,5.210365634412e-03,1.112276036292e-02,1.583838745919e-12,-1.847555311865e-12,0.000000000000e+00,3.925564062500e+05,2.790943603516e+03,6.464577913284e-01,1.230576308444e-03,2.936305536423e-04,1.122958585620e-01,2.397221326828e-01,2.166827539062e+04,1.217713378906e+03,1.263537719727e+03,6.267194743855e-14,7.545813918114e-01,4.927628106088e-05,1.174163352698e-02,9.635714814067e-03,0.000000000000e+00,1.444792750000e+06,2.050502204895e+01,-2.835053019226e-02,3.491607680917e-02,0.000000000000e+00
7.067918777466e-02,3.042248135898e-04,1.326169585809e-04,8.456025272608e-03,2.484492771327e-02,1.563641360489e-12,-1.850021654967e-12,0.000000000000e+00,7.080806875000e+05,1.592241088867e+03,6.768935918808e-01,2.913556760177e-03,1.270070788451e-03,8.098323643208e-02,2.379395216703e-01,1.928733593750e+04,4.942381591797e+02,6.669877319336e+02,4.421844699209e-14,6.698046326637e-01,2.633163603605e-05,1.121495757252e-02,8.036972954869e-03,0.000000000000e+00,2.417604000000e+06,4.105115413666e+00,-2.713716588914e-02,3.588511049747e-02,0.000000000000e+00
3.681937232614e-02,8.355833415408e-05,2.642116123752e-05,6.656379438937e-03,1.372167933732e-02,1.943949124936e-12,-2.229772139498e-12,0.000000000000e+00,4.798372187500e+05,2.263792724609e+03,6.424888372421e-01,1.458071987145e-03,4.610426840372e-04,1.161521598697e-01,2.394398748875e-01,2.129315429688e+04,9.661497802734e+02,1.058401489258e+03,6.912747690891e-14,7.412246465683e-01,4.186366277281e-05,1.289703138173e-02,1.058478653431e-02,0.000000000000e+00,2.389695250000e+06,1.303779697418e+01,-2.789190597832e-02,3.529251366854e-02,0.000000000000e+00
5.661871284246e-02,1.950371224666e-04,9.616712486604e-05,7.497646845877e-03,2.016932331026e-02,2.946795585324e-12,-3.035748085203e-12,0.000000000000e+00,6.067857500000e+05,1.673446899414e+03,6.694347858429e-01,2.306033391505e-03,1.137037877925e-03,8.864888548851e-02,2.384732365608e-01,2.082850195312e+04,6.546954345703e+02,7.706311645508e+02,8.251130220694e-14,7.246800065041e-01,3.185469176969e-05,1.060059852898e-02,8.699329569936e-03,0.000000000000e+00,2.161141500000e+06,5.469514369965e+00,-2.758718840778e-02,3.554256260395e-02,0.000000000000e+00
4.683469980955e-02,1.473785669077e-04,5.989886631141e-05,6.276199594140e-03,1.671523973346e-02,1.763923750987e-12,-1.813150324326e-12,0.000000000000e+00,5.093236875000e+05,1.782043334961e+03,6.687479019165e-01,2.104403451085e-03,8.552898070775e-04,8.961721509695e-02,2.386752218008e-01,1.925172851562e+04,7.301276245117e+02,8.668543701172e+02,5.638549929700e-14,6.685367226601e-01,3.432457378949e-05,1.491845399141e-02,1.135559473187e-02,0.000000000000e+00,1.831592500000e+06,7.481111526489e+00,-2.739426493645e-02,3.570089861751e-02,0.000000000000e+00
5.696294084191e-02,2.371802256675e-04,8.771518332651e-05,6.510392762721e-03,1.993895135820e-02,1.378778059606e-12,-1.714382759019e-12,0.000000000000e+00,5.671783125000e+05,1.592759155273e+03,6.802586317062e-01,2.832436235622e-03,1.047505764291e-03,7.774793356657e-02,2.381134778261e-01,1.932848046875e+04,6.191245727539e+02,7.531251220703e+02,4.481254234877e-14,6.712695956230e-01,3.062608448090e-05,8.409699425101e-03,6.026289425790e-03,0.000000000000e+00,1.829632000000e+06,5.412886142731e+00,-2.677452936769e-02,3.614502027631e-02,0.000000000000e+00
3.321258723736e-02,9.528411464998e-05,1.910769788083e-05,4.764675628394e-03,1.197333168238e-02,8.920602429484e-13,-1.148463377350e-12,0.000000000000e+00,3.862439687500e+05,2.185549560547e+03,6.633895039558e-01,1.903208671138e-03,3.816579119302e-04,9.516981989145e-02,2.391557991505e-01,1.954338281250e+04,1.031955322266e+03,1.093233520508e+03,3.802843524564e-14,6.789215207100e-01,4.369432645035e-05,1.112094521523e-02,7.969147525728e-03,0.000000000000e+00,1.352533625000e+06,1.805947875977e+01,-2.631076239049e-02,3.647730126977e-02,0.000000000000e+00
2.852180972695e-02,5.577868796536e-05,1.300247549807e-05,4.511088598520e-03,1.043604128063e-02,5.687061607230e-13,-7.272915451308e-13,0.000000000000e+00,3.535850312500e+05,2.416369628906e+03,6.551057100296e-01,1.281157718040e-03,2.986485196743e-04,1.036133319139e-01,2.397011518478e-01,1.930974218750e+04,1.164317993164e+03,1.215121093750e+03,2.602345761300e-14,6.706023812294e-01,4.765440462506e-05,1.283754780889e-02,9.199352934957e-03,0.000000000000e+00,1.580349250000e+06,2.248387336731e+01,-2.585249207914e-02,3.680574148893e-02,0.000000000000e+00
3.014123253524e-02,6.143953214632e-05,1.555184462632e-05,4.895502235740e-03,1.106588169932e-02,5.724387435423e-13,-7.152743566712e-13,0.000000000000e+00,3.751398750000e+05,2.209649169922e+03,6.526957154274e-01,1.330447383225e-03,3.367686585989e-04,1.060100421309e-01,2.396270334721e-01,1.890701367188e+04,1.072864868164e+03,1.142273193359e+03,2.533343577504e-14,6.562626361847e-01,4.499184433371e-05,1.249751634896e-02,8.955504745245e-03,0.000000000000e+00,1.784223250000e+06,1.799680519104e+01,-2.549519203603e-02,3.706173598766e-02,0.000000000000e+00
3.239438682795e-02,7.384381751763e-05,1.925961987581e-05,5.324737168849e-03,1.190611347556e-02,6.461392835708e-13,-7.468347229707e-13,0.000000000000e+00,4.035399375000e+05,2.191453369141e+03,6.515581011772e-01,1.485242974013e-03,3.873745445162e-04,1.070980429649e-01,2.394712567329e-01,1.943816992188e+04,1.023742736816e+03,1.103875732422e+03,2.595402801638e-14,6.751752495766e-01,4.353757321951e-05,1.347214169800e-02,9.654527530074e-03,0.000000000000e+00,1.728697250000e+06,1.741314697266e+01,-2.522121183574e-02,3.725810721517e-02,0.000000000000e+00
3.084346652031e-02,6.244822725421e-05,1.809899731597e-05,5.146410781890e-03,1.136540435255e-02,3.465050783195e-13,-4.287713305066e-13,0.000000000000e+00,3.855304062500e+05,2.011163696289e+03,6.502145528793e-01,1.316478126682e-03,3.815469972324e-04,1.084920540452e-01,2.395953536034e-01,1.770683398438e+04,9.762872924805e+02,1.086717773438e+03,1.553878384200e-14,6.135285496712e-01,4.211809573462e-05,1.717982068658e-02,1.131638884544e-02,0.000000000000e+00,1.999880875000e+06,1.652307128906e+01,-2.500065974891e-02,3.741613402963e-02,0.000000000000e+00
2.576043270528e-02,4.142977923038e-05,1.113792586693e-05,4.617861006409e-03,9.603585116565e-03,2.091498225694e-13,-2.867700651596e-13,0.000000000000e+00,3.386645312500e+05,2.091727539062e+03,6.434566974640e-01,1.034853281453e-03,2.782085502986e-04,1.153471991420e-01,2.398830503225e-01,1.676169726562e+04,1.089020141602e+03,1.191367797852e+03,1.118524286321e-14,5.798755884171e-01,4.554314364213e-05,1.527337543666e-02,9.497595019639e-03,0.000000000000e+00,1.564099375000e+06,1.963992881775e+01,-2.465484477580e-02,3.763117641211e-02,0.000000000000e+00
2.594080008566e-02,4.642941712518e-05,1.160996362159e-05,4.540951922536e-03,9.631819091737e-03,1.765303533777e-13,-2.578881661171e-13,0.000000000000e+00,3.356650937500e+05,1.997316772461e+03,6.457495689392e-01,1.155776786618e-03,2.890091564041e-04,1.130388304591e-01,2.397668063641e-01,1.635985351562e+04,1.061258544922e+03,1.165056884766e+03,9.954055063392e-15,5.655673742294e-01,4.470144631341e-05,1.288733817637e-02,8.013862185180e-03,0.000000000000e+00,1.503953750000e+06,1.751649475098e+01,-2.417184598744e-02,3.793152421713e-02,0.000000000000e+00
2.737909555435e-02,5.101178612676e-05,1.358440749755e-05,4.865802824497e-03,1.018546242267e-02,2.273922424054e-13,-3.322868239244e-13,0.000000000000e+00,3.544164375000e+05,1.843972412109e+03,6.442904472351e-01,1.200419734232e-03,3.196710604243e-04,1.145030707121e-01,2.396863847971e-01,1.610173535156e+04,9.863421020508e+02,1.100543090820e+03,1.256688234919e-14,5.563766956329e-01,4.246419484843e-05,1.437424123287e-02,8.938477374613e-03,0.000000000000e+00,1.680157250000e+06,1.718288421631e+01,-2.360316738486e-02,3.828515112400e-02,0.000000000000e+00
3.236120939255e-02,6.577064050362e-05,2.641360697453e-05,5.817411001772e-03,1.205517165363e-02,4.575571150266e-13,-6.060700986216e-13,0.000000000000e+00,4.153130937500e+05,1.738594604492e+03,6.430319547653e-01,1.306892489083e-03,5.248503293842e-04,1.155945956707e-01,2.395417243242e-01,1.620887890625e+04,8.377846069336e+02,9.997231445312e+02,2.170530905888e-14,5.601916909218e-01,3.789005495491e-05,1.443098578602e-02,8.973763324320e-03,0.000000000000e+00,1.790953625000e+06,1.229535865784e+01,-2.275700494647e-02,3.881132602692e-02,0.000000000000e+00
4.279217869043e-02,1.062717929017e-04,5.846898784512e-05,6.463151425123e-03,1.553431060165e-02,8.060460935863e-13,-5.630406080606e-13,0.000000000000e+00,4.887803437500e+05,1.334890136719e+03,6.588035821915e-01,1.636098837480e-03,9.001546422951e-04,9.950292855501e-02,2.391572445631e-01,1.531020605469e+04,6.210031738281e+02,7.877169189453e+02,2.549294054934e-14,5.281931757927e-01,3.076983193750e-05,1.004144269973e-02,6.244170479476e-03,0.000000000000e+00,1.788796250000e+06,5.893089294434e+00,-2.311211079359e-02,3.859050944448e-02,0.000000000000e+00
4.348324239254e-02,1.180362887681e-04,6.019466309226e-05,6.182558834553e-03,1.565231569111e-02,8.834256568467e-13,-8.083884039597e-13,0.000000000000e+00,4.787444687500e+05,1.191826049805e+03,6.639032959938e-01,1.802181242965e-03,9.190537384711e-04,9.439547359943e-02,2.389799803495e-01,1.413221289062e+04,5.708278808594e+02,7.395812377930e+02,3.219860562529e-14,4.862490296364e-01,2.904409484472e-05,1.271513663232e-02,7.299853954464e-03,0.000000000000e+00,1.614815375000e+06,6.506174564362e+00,-2.250000089407e-02,3.897114470601e-02,0.000000000000e+00
2.766644395888e-02,5.947178578936e-05,1.673073165875e-05,4.532536026090e-03,1.016460545361e-02,3.121859866971e-13,-5.165389600423e-13,0.000000000000e+00,3.392615625000e+05,1.644291015625e+03,6.518987417221e-01,1.401321380399e-03,3.942227631342e-04,1.067992076278e-01,2.395065128803e-01,1.431233496094e+04,8.832384033203e+02,1.045405639648e+03,2.000846489631e-14,4.926625192165e-01,3.925685450668e-05,1.404497213662e-02,7.507194299251e-03,0.000000000000e+00,1.207820375000e+06,1.633703613281e+01,-2.219018340111e-02,3.913674503565e-02,0.000000000000e+00
2.919437922537e-02,6.130773545010e-05,2.309226874786e-05,4.560261964798e-03,1.065163407475e-02,4.086575641684e-13,-6.839189587923e-13,0.000000000000e+00,3.454953125000e+05,1.297240844727e+03,6.561909914017e-01,1.377990702167e-03,5.190361407585e-04,1.024992689490e-01,2.394127249718e-01,1.334673144531e+04,7.883631591797e+02,9.246597290039e+02,2.672424523971e-14,4.582808315754e-01,3.625393219409e-05,1.345752831548e-02,7.193198893219e-03,0.000000000000e+00,1.510243125000e+06,1.290011405945e+01,-2.176194451749e-02,3.936564177275e-02,0.000000000000e+00
3.909973800182e-02,8.196463022614e-05,5.280939149088e-05,7.000421639532e-03,1.457718852907e-02,1.156981628558e-12,-1.323289459780e-12,0.000000000000e+00,4.874075937500e+05,1.165538208008e+03,6.429595947266e-01,1.347833778709e-03,8.684023632668e-04,1.151155605912e-01,2.397085875273e-01,1.320308593750e+04,5.649172973633e+02,7.643267822266e+02,5.064191118320e-14,4.531661272049e-01,2.890899668273e-05,9.908755309880e-03,5.296340212226e-03,0.000000000000e+00,1.799395875000e+06,5.022704601288e+00,-2.118482068181e-02,3.967412188649e-02,0.000000000000e+00
2.436879463494e-02,4.492259904509e-05,1.083166625904e-05,4.277048166841e-03,9.051725268364e-03,5.233379918659e-13,-9.117349887219e-13,0.000000000000e+00,3.133228125000e+05,1.756245361328e+03,6.454741954803e-01,1.189897884615e-03,2.869063173421e-04,1.132893189788e-01,2.397597134113e-01,1.421320996094e+04,9.808826293945e+02,1.132763916016e+03,3.705490639805e-14,4.891330599785e-01,4.229066325934e-05,1.356581598520e-02,7.251079659909e-03,0.000000000000e+00,1.149151625000e+06,2.079143524170e+01,-2.061835676432e-02,3.997690230608e-02,0.000000000000e+00
3.234245628119e-02,6.091492832638e-05,3.233903044020e-05,5.497631151229e-03,1.195105351508e-02,1.214884855043e-12,-1.899394487179e-12,0.000000000000e+00,3.967296250000e+05,1.257207031250e+03,6.483481526375e-01,1.221121870913e-03,6.482794997282e-04,1.102074310184e-01,2.395749986172e-01,1.327829785156e+04,6.952645874023e+02,8.696444702148e+02,7.155341315117e-14,4.558441638947e-01,3.328320235596e-05,1.326427143067e-02,7.089900784194e-03,0.000000000000e+00,1.687405500000e+06,9.016508102417e+00,-2.020519971848e-02,4.019774124026e-02,0.000000000000e+00
4.876799508929e-02,1.434756122762e-04,7.135327905416e-05,6.487569306046e-03,1.740636490285e-02,1.888330204008e-12,-2.020620216286e-12,0.000000000000e+00,5.115348750000e+05,1.026276245117e+03,6.691844463348e-01,1.968743046746e-03,9.790951153263e-04,8.902110159397e-02,2.388466000557e-01,1.194904492188e+04,4.356478881836e+02,6.337626953125e+02,7.671006164263e-14,4.085142314434e-01,2.422714169370e-05,1.229225005955e-02,6.089991889894e-03,0.000000000000e+00,1.611147000000e+06,2.961183547974e+00,-1.990299113095e-02,4.035927355289e-02,0.000000000000e+00
3.642737492919e-02,9.061504533747e-05,3.682193710119e-05,5.024771206081e-03,1.307435054332e-02,1.007775460304e-12,-1.862036132921e-12,0.000000000000e+00,3.950995625000e+05,1.029595458984e+03,6.665096282959e-01,1.657978515141e-03,6.737289368175e-04,9.193796664476e-02,2.392206788063e-01,1.173904882812e+04,5.692315673828e+02,7.523763427734e+02,6.839570820512e-14,4.010370075703e-01,2.897974445659e-05,1.160812098533e-02,5.259571131319e-03,0.000000000000e+00,1.419681875000e+06,7.241326332092e+00,-1.962406374514e-02,4.048565402627e-02,0.000000000000e+00
2.635404095054e-02,5.466617949423e-05,1.844853977673e-05,4.052586387843e-03,9.601408615708e-03,9.000079869738e-13,-1.825583087478e-12,0.000000000000e+00,3.087849375000e+05,1.177372558594e+03,6.575170755386e-01,1.363887568004e-03,4.602796980180e-04,1.011095345020e-01,2.395492345095e-01,1.167634960938e+04,7.663402709961e+02,9.271014404297e+02,7.691349862777e-14,3.988045156002e-01,3.554434806574e-05,1.134245842695e-02,5.139200948179e-03,0.000000000000e+00,1.129578000000e+06,1.213637065887e+01,-1.924872025847e-02,4.065572097898e-02,0.000000000000e+00
2.123751118779e-02,3.656527769635e-05,9.416117791261e-06,3.545022569597e-03,7.832663133740e-03,8.045891427069e-13,-1.673371185541e-12,0.000000000000e+00,2.638147812500e+05,1.314715698242e+03,6.502371430397e-01,1.119533320889e-03,2.882969274651e-04,1.085393354297e-01,2.398156821728e-01,1.133609277344e+04,9.075961914062e+02,1.063312622070e+03,7.882508258313e-14,3.866891562939e-01,4.001989509561e-05,1.197464857250e-02,5.425642710179e-03,0.000000000000e+00,1.044720562500e+06,1.745418548584e+01,-1.874181441963e-02,4.088539630175e-02,0.000000000000e+00
2.128014899790e-02,3.474917321000e-05,9.607200809114e-06,3.674277337268e-03,7.888096384704e-03,9.739324147509e-13,-2.018061065479e-12,0.000000000000e+00,2.692734062500e+05,1.327153076172e+03,6.470710635185e-01,1.056627370417e-03,2.921287086792e-04,1.117247268558e-01,2.398554384708e-01,1.148171972656e+04,9.106688232422e+02,1.066008544922e+03,9.416892856858e-14,3.918744027615e-01,4.013472062070e-05,1.181439682841e-02,5.353033542633e-03,0.000000000000e+00,1.076935250000e+06,1.698567390442e+01,-1.817699894309e-02,4.114130884409e-02,0.000000000000e+00
2.279033139348e-02,3.580200791475e-05,1.382086065860e-05,3.956883214414e-03,8.455027826130e-03,1.309365593380e-12,-2.632065789279e-12,0.000000000000e+00,2.863406562500e+05,1.179023559570e+03,6.465000510216e-01,1.015605987050e-03,3.920603776351e-04,1.122460663319e-01,2.398462444544e-01,1.097370117188e+04,8.116612548828e+02,9.847043457031e+02,1.220521757663e-13,3.737857043743e-01,3.704570553964e-05,1.179805304855e-02,5.345628131181e-03,0.000000000000e+00,1.244445125000e+06,1.287631225586e+01,-1.774336397648e-02,4.133778810501e-02,0.000000000000e+00
2.596219629049e-02,4.413362330524e-05,2.051213232335e-05,4.400677513331e-03,9.593647904694e-03,1.689788608518e-12,-3.255012578918e-12,0.000000000000e+00,3.193884375000e+05,1.129858276367e+03,6.487116217613e-01,1.102757058106e-03,5.125320749357e-04,1.099587529898e-01,2.397143393755e-01,1.127304882812e+04,7.358079833984e+02,9.144454956055e+02,1.410279770568e-13,3.844443857670e-01,3.460446896497e-05,1.170928869396e-02,5.305409431458e-03,0.000000000000e+00,1.227687500000e+06,1.070738410950e+01,-1.743274182081e-02,4.147852957249e-02,0.000000000000e+00
2.154081501067e-02,3.241124431952e-05,1.211899689224e-05,3.794536693022e-03,8.009627461433e-03,1.341434125238e-12,-2.851041451535e-12,0.000000000000e+00,2.726052812500e+05,1.139923950195e+03,6.451371908188e-01,9.707014542073e-04,3.629582060967e-04,1.136445775628e-01,2.398845404387e-01,1.029409472656e+04,8.029711914062e+02,9.939732055664e+02,1.387617912284e-13,3.495873510838e-01,3.677748463815e-05,1.611972413957e-02,6.602637004107e-03,0.000000000000e+00,1.216299625000e+06,1.412369060516e+01,-1.722075417638e-02,4.157457873225e-02,0.000000000000e+00
2.177079208195e-02,3.030905099877e-05,1.448670082027e-05,3.846693318337e-03,8.100434206426e-03,1.486295461706e-12,-3.350973361640e-12,0.000000000000e+00,2.740335625000e+05,9.731821289062e+02,6.448175907135e-01,8.977077668533e-04,4.290739307180e-04,1.139331758022e-01,2.399224638939e-01,9.514250000000e+03,7.337549438477e+02,9.242583007812e+02,1.669898621508e-13,3.218198418617e-01,3.455630940152e-05,1.214069873095e-02,4.569435492158e-03,0.000000000000e+00,1.097509000000e+06,1.153366470337e+01,-1.694325916469e-02,4.167902097106e-02,0.000000000000e+00
2.121882513165e-02,2.950290217996e-05,1.334290027444e-05,3.784736385569e-03,7.906310260296e-03,1.342273080879e-12,-3.166798854398e-12,0.000000000000e+00,2.692825312500e+05,1.012980041504e+03,6.439173221588e-01,8.953101350926e-04,4.049104754813e-04,1.148535385728e-01,2.399289458990e-01,9.661399414062e+03,7.628718261719e+02,9.507825927734e+02,1.573695871965e-13,3.270593285561e-01,3.550182373147e-05,1.173476874828e-02,4.416654352099e-03,0.000000000000e+00,1.105835875000e+06,1.256222915649e+01,-1.663104258478e-02,4.179653152823e-02,0.000000000000e+00
1.895549520850e-02,2.569903335825e-05,8.919208994485e-06,3.459599800408e-03,7.089076563716e-03,1.171692517316e-12,-2.886399019103e-12,0.000000000000e+00,2.461344531250e+05,1.132183837891e+03,6.417153477669e-01,8.700097678229e-04,3.019490686711e-04,1.171205714345e-01,2.399921119213e-01,9.802666992188e+03,8.619368286133e+02,1.045654663086e+03,1.494175470200e-13,3.320893645287e-01,3.865496182698e-05,1.136225089431e-02,4.276448395103e-03,0.000000000000e+00,9.712310000000e+05,1.662425613403e+01,-1.624189689755e-02,4.194299504161e-02,0.000000000000e+00
1.623033545911e-02,1.958436041605e-05,5.195009180170e-06,3.096190979704e-03,6.114817690104e-03,1.052157926756e-12,-2.587191745562e-12,0.000000000000e+00,2.185557500000e+05,1.243982421875e+03,6.373304128647e-01,7.690357742831e-04,2.039968676399e-04,1.215807795525e-01,2.401157617569e-01,9.594765625000e+03,9.751408691406e+02,1.161445312500e+03,1.457690576318e-13,3.246867358685e-01,4.217283276375e-05,1.234108954668e-02,4.644857253879e-03,0.000000000000e+00,8.925258125000e+05,2.073964118958e+01,-1.572427153587e-02,4.213781654835e-02,0.000000000000e+00
1.695141196251e-02,2.001039320021e-05,6.224492608453e-06,3.261330304667e-03,6.395104341209e-03,1.149762685233e-12,-2.818619252928e-12,0.000000000000e+00,2.276169375000e+05,1.130219360352e+03,6.364556550980e-01,7.513077580370e-04,2.337040350540e-04,1.224495097995e-01,2.401098012924e-01,9.251036132812e+03,8.983801269531e+02,1.094485107422e+03,1.582010618426e-13,3.124477267265e-01,3.982155249105e-05,1.261059008539e-02,4.746289923787e-03,0.000000000000e+00,9.582219375000e+05,1.692651176453e+01,-1.519242301583e-02,4.233798757195e-02,0.000000000000e+00
2.443143166602e-02,3.367576573510e-05,1.973262260435e-05,4.493411164731e-03,9.144992567599e-03,1.888510832090e-12,-4.385814628138e-12,0.000000000000e+00,3.113223125000e+05,8.785154418945e+02,6.408539414406e-01,8.833394385874e-04,5.176008562557e-04,1.178653910756e-01,2.398796975613e-01,9.310984375000e+03,6.340359497070e+02,8.370742187500e+02,2.068503381818e-13,3.145822882652e-01,3.127640229650e-05,1.203270815313e-02,4.528790712357e-03,0.000000000000e+00,1.304842875000e+06,8.840162277222e+00,-1.477603334934e-02,4.249470680952e-02,0.000000000000e+00
2.752086706460e-02,4.354909833637e-05,2.552189835114e-05,4.854985047132e-03,1.023011468351e-02,2.875566321517e-12,-5.672949957014e-12,0.000000000000e+00,3.382948750000e+05,7.937062377930e+02,6.448937654495e-01,1.020481809974e-03,5.980521673337e-04,1.137663871050e-01,2.397212833166e-01,8.378152343750e+03,5.113329467773e+02,7.523699951172e+02,2.746290066018e-13,2.813674807549e-01,2.702053643588e-05,1.263188011944e-02,4.263713955879e-03,0.000000000000e+00,1.235183625000e+06,5.994692802429e+00,-1.446477603167e-02,4.261185601354e-02,0.000000000000e+00
2.079851180315e-02,2.732033681241e-05,1.353337029286e-05,3.798490855843e-03,7.778474595398e-03,1.308997398322e-12,-3.780158477906e-12,0.000000000000e+00,2.644917187500e+05,8.401875000000e+02,6.416059732437e-01,8.427954162471e-04,4.174861824140e-04,1.171783059835e-01,2.399554252625e-01,8.114961425781e+03,6.501862182617e+02,8.830055541992e+02,2.013105394189e-13,2.719961702824e-01,3.181579450029e-05,1.230332162231e-02,3.732171840966e-03,0.000000000000e+00,1.020430687500e+06,1.073166179657e+01,-1.411120314151e-02,4.271911084652e-02,0.000000000000e+00
2.017386071384e-02,2.640806269483e-05,1.332552437816e-05,3.686122596264e-03,7.545463275164e-03,1.406905950248e-12,-4.212495803568e-12,0.000000000000e+00,2.566335937500e+05,8.060253295898e+02,6.415565609932e-01,8.398127392866e-04,4.237699904479e-04,1.172237619758e-01,2.399561107159e-01,7.884951171875e+03,6.512454833984e+02,8.786359863281e+02,2.302049067864e-13,2.638063430786e-01,3.185144305462e-05,9.740171022713e-03,2.954648574814e-03,0.000000000000e+00,9.613615000000e+05,9.793224334717e+00,-1.366510801017e-02,4.285443201661e-02,0.000000000000e+00
1.550307497382e-02,1.833510941651e-05,5.890700322198e-06,2.966133644804e-03,5.843405146152e-03,8.975651168489e-13,-2.754919556369e-12,0.000000000000e+00,2.067646093750e+05,9.857524414062e+02,6.370208859444e-01,7.533890893683e-04,2.420486998744e-04,1.218783408403e-01,2.401053309441e-01,8.096133789062e+03,8.608209838867e+02,1.072795898438e+03,1.683963705241e-13,2.713257968426e-01,3.864773680107e-05,1.172661501914e-02,3.557229880244e-03,0.000000000000e+00,7.208651875000e+05,1.911488342285e+01,-1.308919955045e-02,4.302913323045e-02,0.000000000000e+00
1.531550660729e-02,1.655395317357e-05,6.381342700479e-06,2.981099067256e-03,5.789866205305e-03,9.970332935996e-13,-2.998256374079e-12,0.000000000000e+00,2.054717343750e+05,8.924541015625e+02,6.352502107620e-01,6.866180337965e-04,2.646826906130e-04,1.236487925053e-01,2.401496767998e-01,7.662170898438e+03,8.212231445312e+02,1.033409912109e+03,1.896213627740e-13,2.558739185333e-01,3.741038381122e-05,1.090743858367e-02,3.308735322207e-03,0.000000000000e+00,8.713361250000e+05,1.577817726135e+01,-1.248807180673e-02,4.321148246527e-02,0.000000000000e+00
1.752566173673e-02,1.963547947526e-05,9.582858183421e-06,3.378400113434e-03,6.613635923713e-03,1.184212992424e-12,-3.552714979843e-12,0.000000000000e+00,2.314354843750e+05,8.120493164062e+02,6.362113952637e-01,7.128014112823e-04,3.478740982246e-04,1.226416826248e-01,2.400862574577e-01,7.657089355469e+03,7.188544921875e+02,9.366771240234e+02,2.103423229864e-13,2.556929886341e-01,3.411093348404e-05,1.222027465701e-02,3.706979798153e-03,0.000000000000e+00,9.486611875000e+05,1.315378952026e+01,-1.200591959059e-02,4.335774108768e-02,0.000000000000e+00
2.935792692006e-02,4.894641824649e-05,2.977911208291e-05,5.029254127294e-03,1.086312439293e-02,3.521115690686e-12,-7.133152575556e-12,0.000000000000e+00,3.504776562500e+05,6.253058471680e+02,6.476628184319e-01,1.079802867025e-03,6.569544784725e-04,1.109499558806e-01,2.396504878998e-01,6.733910156250e+03,3.877828063965e+02,6.271301879883e+02,3.718554869407e-13,2.228218615055e-01,2.246774602099e-05,9.311250410974e-03,2.494534477592e-03,0.000000000000e+00,9.623472500000e+05,3.582856655121e+00,-1.164685748518e-02,4.346666112542e-02,0.000000000000e+00
1.601048000157e-02,1.758791768225e-05,7.659858965781e-06,3.058359725401e-03,6.034147925675e-03,8.778000028242e-13,-3.276800705776e-12,0.000000000000e+00,2.100816875000e+05,7.407892456055e+02,6.371510028839e-01,6.999264587648e-04,3.048307553399e-04,1.217100843787e-01,2.401341497898e-01,6.849540039062e+03,7.054185180664e+02,9.363417968750e+02,2.109508721133e-13,2.269390374422e-01,3.366616874700e-05,1.169919408858e-02,2.728239167482e-03,0.000000000000e+00,7.887973750000e+05,1.361723613739e+01,-1.128113642335e-02,4.355191439390e-02,0.000000000000e+00
1.359424274415e-02,1.224986863235e-05,5.335333298717e-06,2.779532922432e-03,5.184115376323e-03,6.698117538048e-13,-2.629642814264e-12,0.000000000000e+00,1.866266562500e+05,7.392955932617e+02,6.300784349442e-01,5.677681765519e-04,2.472869527992e-04,1.288283467293e-01,2.402781397104e-01,6.379773925781e+03,7.609948120117e+02,1.002231872559e+03,1.885629375082e-13,2.102123349905e-01,3.551022382453e-05,1.069989427924e-02,2.494815504178e-03,0.000000000000e+00,8.188756875000e+05,1.384696865082e+01,-1.080745644867e-02,4.366241022944e-02,0.000000000000e+00
1.289419084787e-02,1.133776095230e-05,4.422326128406e-06,2.655034651980e-03,4.922996740788e-03,6.338400941261e-13,-2.533332701601e-12,0.000000000000e+00,1.786017500000e+05,7.913674316406e+02,6.293538808823e-01,5.533859366551e-04,2.158497663913e-04,1.295898556709e-01,2.402870506048e-01,6.448258300781e+03,8.095133056641e+02,1.055210205078e+03,1.852108554414e-13,2.126508206129e-01,3.707043651957e-05,1.082173641771e-02,2.523375907913e-03,0.000000000000e+00,6.749355000000e+05,1.664684867859e+01,-1.024571061134e-02,4.379333928227e-02,0.000000000000e+00
1.576555520296e-02,1.498205529060e-05,8.330701348314e-06,3.153533907607e-03,5.988026037812e-03,1.233317267757e-12,-4.085252101882e-12,0.000000000000e+00,2.111450468750e+05,6.437571411133e+02,6.323820352554e-01,6.009546341375e-04,3.341579576954e-04,1.264933794737e-01,2.401894629002e-01,6.198785156250e+03,6.410831298828e+02,8.847078857422e+02,2.799197505732e-13,2.037679553032e-01,3.154606019962e-05,9.433204308152e-03,2.199597191066e-03,0.000000000000e+00,8.375015000000e+05,1.001607227325e+01,-9.663690812886e-03,4.392910748720e-02,0.000000000000e+00
1.547113526613e-02,1.469218659622e-05,7.321481916733e-06,3.118465887383e-03,5.883810576051e-03,7.705145657795e-13,-2.955563961973e-12,0.000000000000e+00,2.085694218750e+05,7.020578613281e+02,6.315928697586e-01,5.997931002639e-04,2.988917985931e-04,1.273080855608e-01,2.402003854513e-01,6.278497070312e+03,6.604409179688e+02,9.269945678711e+02,2.008198159631e-13,2.066062241793e-01,3.219893915229e-05,1.044080220163e-02,2.433798508719e-03,0.000000000000e+00,8.427550625000e+05,1.076007366180e+01,-9.189811535180e-03,4.403954744339e-02,0.000000000000e+00
1.743429340422e-02,1.694521051832e-05,9.774787031347e-06,3.472435986623e-03,6.616467144340e-03,7.483281030431e-13,-2.829374972160e-12,0.000000000000e+00,2.312993281250e+05,6.023319702148e+02,6.328256726265e-01,6.150730187073e-04,3.548027598299e-04,1.260416060686e-01,2.401628643274e-01,6.095485351562e+03,5.706677246094e+02,8.189033203125e+02,1.841707802973e-13,2.000898271799e-01,2.913843673014e-05,9.271383285522e-03,2.162161981687e-03,0.000000000000e+00,8.531713750000e+05,8.193881988525e+00,-8.955834433436e-03,4.409411177039e-02,0.000000000000e+00
1.683384180069e-02,1.636839442654e-05,1.001144028123e-05,3.359329188243e-03,6.390528287739e-03,8.880331908191e-13,-3.858519840444e-12,0.000000000000e+00,2.232949062500e+05,5.714795532227e+02,6.326115131378e-01,6.151201087050e-04,3.762273699977e-04,1.262427419424e-01,2.401544302702e-01,5.746303710938e+03,5.568952026367e+02,8.119514770508e+02,2.611050210679e-13,1.876567155123e-01,2.865999704227e-05,1.146146096289e-02,2.166151301935e-03,0.000000000000e+00,8.744425000000e+05,8.611827850342e+00,-8.779064752162e-03,4.413533583283e-02,0.000000000000e+00
1.371913682669e-02,1.200883252750e-05,5.776328180218e-06,2.788248471916e-03,5.225727334619e-03,4.521793638308e-13,-2.427248723194e-12,0.000000000000e+00,1.859199531250e+05,6.167651977539e+02,6.307388544083e-01,5.521074635908e-04,2.655673306435e-04,1.281900405884e-01,2.402534186840e-01,5.611104492188e+03,6.642410278320e+02,9.229829711914e+02,1.822129957769e-13,1.828427612782e-01,3.232933158870e-05,1.133178640157e-02,1.870883977972e-03,0.000000000000e+00,7.416431250000e+05,1.236947059631e+01,-8.451957255602e-03,4.418934509158e-02,0.000000000000e+00
1.171729341149e-02,9.738838343765e-06,4.068600446772e-06,2.410747343674e-03,4.473169799894e-03,3.256436461631e-13,-1.835082650073e-12,0.000000000000e+00,1.609348437500e+05,6.102286987305e+02,6.294537782669e-01,5.231710383669e-04,2.185654884670e-04,1.295055150986e-01,2.402989864349e-01,5.262085937500e+03,7.271082153320e+02,9.836561889648e+02,1.535114131082e-13,1.704154610634e-01,3.441185617703e-05,9.927081875503e-03,1.638966845348e-03,0.000000000000e+00,6.384830000000e+05,1.407557487488e+01,-7.998292334378e-03,4.426424205303e-02,0.000000000000e+00
1.118490193039e-02,8.626027010905e-06,3.567311750885e-06,2.343998989090e-03,4.284132272005e-03,3.239213910121e-13,-1.824609690768e-12,0.000000000000e+00,1.556181718750e+05,6.127864379883e+02,6.274760365486e-01,4.839224566240e-04,2.001271641348e-04,1.314989775419e-01,2.403409779072e-01,5.185406250000e+03,7.471011352539e+02,1.004855224609e+03,1.571006644002e-13,1.676851660013e-01,3.507263318170e-05,1.001751702279e-02,1.653899671510e-03,0.000000000000e+00,6.074497500000e+05,1.509428882599e+01,-7.419160101563e-03,4.435985907912e-02,0.000000000000e+00
1.180882379413e-02,8.912951670936e-06,4.269939836377e-06,2.488924423233e-03,4.527582786977e-03,3.693354216211e-13,-2.034211124199e-12,0.000000000000e+00,1.636834531250e+05,5.574714965820e+02,6.268447637558e-01,4.731239459943e-04,2.266601077281e-04,1.321189403534e-01,2.403365224600e-01,4.934379394531e+03,6.723781127930e+02,9.419755859375e+02,1.747642015913e-13,1.587469875813e-01,3.261679012212e-05,9.487933479249e-03,1.566463615745e-03,0.000000000000e+00,6.730421875000e+05,1.144622135162e+01,-6.861810106784e-03,4.445187747478e-02,0.000000000000e+00
1.446039043367e-02,1.117210740631e-05,6.857786047476e-06,3.006334649399e-03,5.530363414437e-03,4.967161122520e-13,-2.625898630482e-12,0.000000000000e+00,1.962307656250e+05,4.844472045898e+02,6.282996535301e-01,4.854247381445e-04,2.979687415063e-04,1.306243389845e-01,2.402926385403e-01,4.821357910156e+03,5.383834228516e+02,8.052877197266e+02,2.067938919062e-13,1.547227054834e-01,2.802342896757e-05,8.914770558476e-03,1.471835072152e-03,0.000000000000e+00,7.798296875000e+05,7.308354854584e+00,-6.460541859269e-03,4.451812803745e-02,0.000000000000e+00
1.582181639969e-02,1.297642302234e-05,8.502270247845e-06,3.272187430412e-03,6.044773850590e-03,6.040469231576e-13,-3.165653720064e-12,0.000000000000e+00,2.135073125000e+05,4.775246887207e+02,6.288416385651e-01,5.157507839613e-04,3.379246336408e-04,1.300538182259e-01,2.402508705854e-01,5.033764648438e+03,5.144165039062e+02,7.642185058594e+02,2.334356937351e-13,1.622857302427e-01,2.717251118156e-05,8.894552476704e-03,1.468496979214e-03,0.000000000000e+00,7.556841875000e+05,7.059185028076e+00,-6.153773516417e-03,4.456877335906e-02,0.000000000000e+00
1.310943625867e-02,9.912887435348e-06,5.893034540350e-06,2.742528449744e-03,5.019372794777e-03,6.824985455262e-13,-3.017772230024e-12,0.000000000000e+00,1.788357812500e+05,4.683638610840e+02,6.276318430901e-01,4.745927581098e-04,2.821369271260e-04,1.313022226095e-01,2.403092086315e-01,4.498421386719e+03,5.532064208984e+02,8.304058837891e+02,2.601579162601e-13,1.432240754366e-01,2.854603553715e-05,1.178326364607e-02,1.567550702021e-03,0.000000000000e+00,7.124997500000e+05,9.006043434143e+00,-5.873678717762e-03,4.461501911283e-02,0.000000000000e+00
1.512804720551e-02,1.119294392993e-05,7.280344107130e-06,3.158058738336e-03,5.790169350803e-03,2.464030227686e-13,-2.002633735926e-12,0.000000000000e+00,2.042052500000e+05,4.042100830078e+02,6.278566122055e-01,4.645387234632e-04,3.021548036486e-04,1.310683339834e-01,2.403083592653e-01,4.294399414062e+03,4.578927917480e+02,7.146069335938e+02,1.616775561087e-13,1.359595805407e-01,2.512906030461e-05,9.568217210472e-03,9.424107265659e-04,0.000000000000e+00,7.399236250000e+05,5.700831413269e+00,-5.613669287413e-03,4.464062675834e-02,0.000000000000e+00
1.428116764873e-02,1.061010698322e-05,6.854976618342e-06,2.958811121061e-03,5.458871833980e-03,2.952129914222e-13,-2.491387955314e-12,0.000000000000e+00,1.922444062500e+05,4.139421997070e+02,6.286745071411e-01,4.670698835980e-04,3.017644339707e-04,1.302504837513e-01,2.403061985970e-01,4.205232421875e+03,4.758909301758e+02,7.479953002930e+02,2.092363283503e-13,1.327846646309e-01,2.578537350928e-05,8.230112493038e-03,8.105930755846e-04,0.000000000000e+00,6.654841250000e+05,5.880193710327e+00,-5.249605514109e-03,4.467648640275e-02,0.000000000000e+00
1.097821630538e-02,7.334259862546e-06,4.051342330058e-06,2.318230224773e-03,4.211225546896e-03,2.213006524993e-13,-1.944925991093e-12,0.000000000000e+00,1.513549531250e+05,4.485227661133e+02,6.266442537308e-01,4.186446312815e-04,2.312534343218e-04,1.323262006044e-01,2.403796762228e-01,4.120180664062e+03,6.036035156250e+02,8.833119506836e+02,1.877699113816e-13,1.297562718391e-01,3.029388608411e-05,7.924088276923e-03,7.804667111486e-04,0.000000000000e+00,4.965522812500e+05,1.035360527039e+01,-4.747411236167e-03,4.472594335675e-02,0.000000000000e+00
9.408671408892e-03,6.139411198092e-06,2.839626176865e-06,2.011702861637e-03,3.617261769250e-03,1.840998192651e-13,-1.643499789386e-12,0.000000000000e+00,1.317564687500e+05,4.695384521484e+02,6.253015398979e-01,4.080260696355e-04,1.887219259515e-04,1.336980313063e-01,2.404036819935e-01,4.037680908203e+03,6.879842529297e+02,9.646903686523e+02,1.728929906143e-13,1.268187463284e-01,3.314211426186e-05,8.601820096374e-03,8.471635519527e-04,0.000000000000e+00,4.780866250000e+05,1.388146781921e+01,-4.130773246288e-03,4.478668421507e-02,0.000000000000e+00
9.673450142145e-03,5.978574336041e-06,2.999660409841e-06,2.084735315293e-03,3.724543144926e-03,2.069241859023e-13,-1.790087609393e-12,0.000000000000e+00,1.355528750000e+05,4.378317565918e+02,6.244276762009e-01,3.859209537040e-04,1.936300832313e-04,1.345710605383e-01,2.404217422009e-01,3.898778076172e+03,6.447938232422e+02,9.240710449219e+02,1.889257793177e-13,1.218729168177e-01,3.170155105181e-05,8.616102859378e-03,8.486628066748e-04,0.000000000000e+00,5.225475625000e+05,1.174996852875e+01,-3.591590328142e-03,4.483977705240e-02,0.000000000000e+00
1.145413052291e-02,7.255944638018e-06,4.468611223274e-06,2.462428295985e-03,4.407837055624e-03,3.202296826148e-13,-2.529535608753e-12,0.000000000000e+00,1.587786875000e+05,4.085809020996e+02,6.246758103371e-01,3.957186418120e-04,2.437053772155e-04,1.342938542366e-01,2.403909415007e-01,3.917059570312e+03,5.474507446289e+02,8.288215942383e+02,2.451436406301e-13,1.225238591433e-01,2.835293707903e-05,8.650905452669e-03,8.521361742169e-04,0.000000000000e+00,6.002700625000e+05,8.462339401245e+00,-3.203896572813e-03,4.487797990441e-02,0.000000000000e+00
1.095110643655e-02,6.706082331220e-06,4.198507667752e-06,2.363349078223e-03,4.217308945954e-03,4.571863720937e-13,-2.669693025675e-12,0.000000000000e+00,1.516553906250e+05,3.631406555176e+02,6.242554187775e-01,3.822726139333e-04,2.393311879132e-04,1.347200423479e-01,2.404029220343e-01,3.505966064453e+03,5.119882507324e+02,7.998323974609e+02,2.814033457210e-13,1.078862845898e-01,2.709769796638e-05,9.691935963929e-03,6.264299154282e-04,0.000000000000e+00,5.292390000000e+05,7.541199684143e+00,-2.943140920252e-03,4.490365087986e-02,0.000000000000e+00
1.315300632268e-02,7.807157089701e-06,5.430772034742e-06,2.837671898305e-03,5.065135657787e-03,1.113093111064e-13,-1.682945449666e-12,0.000000000000e+00,1.800688906250e+05,3.223573608398e+02,6.242808699608e-01,3.705509589054e-04,2.577606355771e-04,1.346843689680e-01,2.404064536095e-01,3.230882568359e+03,3.928574218750e+02,6.765115966797e+02,1.665632285959e-13,9.809154272079e-02,2.269572905789e-05,8.096146397293e-03,2.645452332217e-04,0.000000000000e+00,6.590498125000e+05,3.630000352859e+00,-2.667166758329e-03,4.491266980767e-02,0.000000000000e+00
1.122335717082e-02,6.372356892825e-06,4.249034191162e-06,2.432008041069e-03,4.325756803155e-03,9.819717332023e-14,-1.836671006256e-12,0.000000000000e+00,1.553443437500e+05,3.459445190430e+02,6.238059997559e-01,3.541822661646e-04,2.361657825531e-04,1.351735591888e-01,2.404301017523e-01,3.369655273438e+03,4.796257629395e+02,7.706621093750e+02,1.924620266760e-13,1.030327454209e-01,2.593231329229e-05,7.944407872856e-03,2.595871046651e-04,0.000000000000e+00,4.966890000000e+05,6.735422611237e+00,-2.274740487337e-03,4.492549225688e-02,0.000000000000e+00
1.208166126162e-02,7.776671736792e-06,5.155306098459e-06,2.567980438471e-03,4.639667924494e-03,2.545245372972e-13,-2.492048451277e-12,0.000000000000e+00,1.641803906250e+05,2.925742797852e+02,6.259201169014e-01,4.028895928059e-04,2.670832909644e-04,1.330405324697e-01,2.403693944216e-01,3.104362792969e+03,4.125507812500e+02,6.721769409180e+02,2.637143162263e-13,9.358662366867e-02,2.344267522858e-05,6.963059771806e-03,2.282531931996e-04,0.000000000000e+00,4.443708750000e+05,4.463179111481e+00,-1.756154932082e-03,4.494243860245e-02,0.000000000000e+00
1.649379171431e-02,1.194258402393e-05,9.232105185220e-06,3.444351023063e-03,6.313066929579e-03,2.536061638470e-13,-2.472158111902e-12,0.000000000000e+00,2.195679531250e+05,2.854747009277e+02,6.277995705605e-01,4.545679839794e-04,3.513995907269e-04,1.311015784740e-01,2.402928769588e-01,3.184705566406e+03,3.114204101562e+02,5.001474304199e+02,2.214431302173e-13,9.644734114408e-02,1.947587770701e-05,6.206190679222e-03,2.035929937847e-04,0.000000000000e+00,5.683037500000e+05,1.371557354927e+00,-1.238274737261e-03,4.495946690440e-02,0.000000000000e+00
1.045611314476e-02,6.347542239382e-06,3.872616616718e-06,2.230338519439e-03,4.018454346806e-03,5.965210557500e-14,-1.157100565537e-12,0.000000000000e+00,1.434671718750e+05,2.931301574707e+02,6.255479454994e-01,3.797483805101e-04,2.316833561053e-04,1.334323436022e-01,2.404082715511e-01,3.207074218750e+03,4.920068359375e+02,7.332316284180e+02,1.289538544306e-13,9.724380820990e-02,2.637663237692e-05,7.658390793949e-03,2.506286255084e-04,0.000000000000e+00,4.379998125000e+05,8.240331649780e+00,-8.197956485674e-04,4.497315362096e-02,0.000000000000e+00
1.181391999125e-02,6.746681265213e-06,4.445371359907e-06,2.549930242822e-03,4.550127312541e-03,5.765047185295e-14,-1.168842366644e-12,0.000000000000e+00,1.643625312500e+05,4.465023498535e+02,6.242437958717e-01,3.564924991224e-04,2.348920097575e-04,1.347375065088e-01,2.404272854328e-01,4.128064453125e+03,5.587810668945e+02,8.515788574219e+02,1.078777434678e-13,1.300369948149e-01,2.875111022149e-05,9.447243995965e-03,3.094509011135e-04,0.000000000000e+00,3.641620937500e+05,1.177576446533e+01,-5.277449963614e-04,4.498272016644e-02,0.000000000000e+00
5.804740823805e-03,3.301454626126e-06,1.877295630948e-06,1.258457778022e-03,2.237517386675e-03,5.475895209278e-14,-6.672530908879e-13,0.000000000000e+00,8.001627343750e+04,1.549747009277e+02,6.237702965736e-01,3.547702508513e-04,2.017318765866e-04,1.352323293686e-01,2.404408603907e-01,1.576988525391e+03,4.339481811523e+02,7.124179687500e+02,1.423886101257e-13,3.920227661729e-02,2.425013735774e-05,8.259951137006e-03,2.704680664465e-04,0.000000000000e+00,5.505663125000e+05,3.918940544128e+00,-3.138986940030e-04,4.498972371221e-02,0.000000000000e+00
1.915876567364e-02,1.269713084184e-05,1.148225965153e-05,4.115582909435e-03,7.370254024863e-03,1.099571551432e-13,-1.672026015906e-12,0.000000000000e+00,2.604321718750e+05,3.720493469238e+02,6.246992945671e-01,4.140083037782e-04,3.743956913240e-04,1.341945379972e-01,2.403177917004e-01,4.170656250000e+03,3.485417480469e+02,5.656401977539e+02,1.207250852021e-13,1.315535306931e-01,2.097022843373e-05,9.611734189093e-03,3.146273083985e-04,0.000000000000e+00,6.896553125000e+05,2.518749237061e+00,-1.448367838748e-04,4.499525949359e-02,0.000000000000e+00
5.130666308105e-03,2.825096316883e-06,1.494641082900e-06,1.118209562264e-03,1.979663269594e-03,1.464372107731e-13,-3.213226397198e-13,0.000000000000e+00,7.007607812500e+04,8.008638763428e+01,6.231937408447e-01,3.431488876231e-04,1.815458235797e-04,1.358227431774e-01,2.404588013887e-01,9.792610473633e+02,3.044493408203e+02,4.229296875000e+02,1.013188420966e-13,1.791932992637e-02,1.919306305354e-05,1.666554436088e-02,5.455503705889e-04,0.000000000000e+00,6.296919375000e+05,7.159609198570e-01,0.000000000000e+00,4.500000178814e-02,0.000000000000e+00
